{"cameraMode":{"drawMode":0,"name":"Shaded","section":"Shading Mode"},"sceneLighting":true,"audioPlay":false,"sceneViewState":{"showFog":true,"showMaterialUpdate":false,"showSkybox":true,"showFlares":true,"showImageEffects":true,"showParticleSystems":true},"in2DMode":false,"pivot":{"x":0.022179991006851198,"y":0.3510584831237793,"z":-1.690000057220459},"rotation":{"x":0.2996886372566223,"y":-0.3305825889110565,"z":0.11157455295324326,"w":0.8879566788673401},"size":14.690635681152344,"orthographic":false}