{"cameraMode":{"drawMode":0,"name":"Shaded","section":"Shading Mode"},"sceneLighting":true,"audioPlay":false,"sceneViewState":{"showFog":true,"showMaterialUpdate":true,"showSkybox":true,"showFlares":true,"showImageEffects":true,"showParticleSystems":true},"in2DMode":false,"pivot":{"x":464.9422302246094,"y":221.9945526123047,"z":116.70355224609375},"rotation":{"x":-0.1779327690601349,"y":0.45906075835227969,"z":-0.09440083801746369,"w":-0.8652697205543518},"size":132.00901794433595,"orthographic":false}