{"cameraMode":{"drawMode":0,"name":"Shaded","section":"Shading Mode"},"sceneLighting":false,"audioPlay":false,"sceneViewState":{"showFog":true,"showMaterialUpdate":true,"showSkybox":true,"showFlares":true,"showImageEffects":true,"showParticleSystems":true},"in2DMode":false,"pivot":{"x":612.7418212890625,"y":171.5212860107422,"z":6.9063496589660648},"rotation":{"x":-0.08716979622840882,"y":0.8932340145111084,"z":-0.3944135904312134,"w":-0.19741415977478028},"size":22.0,"orthographic":false}