{"cameraMode":{"drawMode":0,"name":"Shaded","section":"Shading Mode"},"sceneLighting":true,"audioPlay":false,"sceneViewState":{"showFog":true,"showMaterialUpdate":true,"showSkybox":true,"showFlares":true,"showImageEffects":true,"showParticleSystems":true},"in2DMode":false,"pivot":{"x":647.012451171875,"y":325.4333190917969,"z":-6.196927547454834},"rotation":{"x":-0.1393289864063263,"y":0.5363654494285584,"z":-0.0903094932436943,"w":-0.8274924755096436},"size":694.898681640625,"orthographic":false}